{
    "Single":{
        "data":[
            {
                "type":"Gun",
                "offsetRotation":0,
                "offset":{
                    "x":0,
                    "y":0
                },
                "reloadMultiplier":1,
                "layer":1,
                "startDelay":0,
                "size":[0.35,0.08,0.08],
                "bulletType":{
                    "type":0,
                    "sharp":false,
                    "sharpFactor":1,
                    "multipliers":[2.5,3,2,1]
                }
            }
        ],
        "extradata":{
            "stopFollow":3
        }
    },
    "Auto-Defend-Single":{
        "data":[
            {
                "type":"Gun",
                "offsetRotation":0,
                "offset":{
                    "x":0,
                    "y":0
                },
                "reloadMultiplier":1,
                "layer":1,
                "startDelay":0,
                "size":[0.35,0.08,0.08],
                "bulletType":{
                    "type":0,
                    "sharp":false,
                    "sharpFactor":1,
                    "multipliers":[2.5,3,2,1]
                }
            },
            {
                "preset": ["FullDefend","AutoTurret"]
            }
        ],
        "extradata":{
            "stopFollow":3
        },
        "parent": ["Single"]
    },
    "Dicktest":{
        "data":[
            {
                "type":"Gun",
                "offsetRotation":0,
                "offset":{
                    "x":0,
                    "y":0
                },
                "reloadMultiplier":1,
                "layer":1,
                "startDelay":0,
                "size":[3,0.2,0.2],
                "bulletType":{
                    "type":0,
                    "sharp":false,
                    "sharpFactor":1,
                    "multipliers":[2.5,3,2,1]
                }
            },
            {
                "type":"AutoGunList",
                "info": {
                    "offsetRotation":0,
                    "offset":{
                        "x":-0.5,
                        "y":-0.5
                    },
                    "layer":1,
                    "size":0.5,
                    "fov":150
                },
                "data": []
            },
            {
                "type":"AutoGunList",
                "info": {
                    "offsetRotation":0,
                    "offset":{
                        "x":-0.5,
                        "y":0.5
                    },
                    "layer":1,
                    "size":0.5,
                    "fov":150
                },
                "data": []
            }
        ],
        "extradata":{
            "stopFollow":3
        }
    },
    "Destroyer":{
        "data":[
            {
                "type":"Gun",
                "offsetRotation":0,
                "offset":{
                    "x":0,
                    "y":0
                },
                "reloadMultiplier":0.3,
                "layer":1,
                "startDelay":0,
                "size":[0.35,0.18,0.18],
                "bulletType":{
                    "type":0,
                    "sharp":false,
                    "sharpFactor":1,
                    "multipliers":[5,2.5,8,1.8,0.8,3,0.5,10]
                }
            }
        ],
        "parent": ["Single"],
        "extradata":{
            "stopFollow":3
        }
    },
    "Launcher":{
        "data":[
            {
                "type":"Gun",
                "offsetRotation":0,
                "offset":{
                    "x":0,
                    "y":0
                },
                "reloadMultiplier":0.5,
                "layer":1,
                "startDelay":0,
                "size":[0.35,0.18,0.18,0.05,0.1,0.1],
                "bulletType":{
                    "type":0,
                    "sharp":false,
                    "sharpFactor":1,
                    "multipliers":[2,3,6,1.8,0.8,3,0.5,10],
                    "weapon":{
                        "data":[
                            {
                                "type":"AutoGunList",
                                "info": {
                                    "offsetRotation":0,
                                    "offset":{
                                        "x":0.15,
                                        "y":0
                                    },
                                    "layer":15,
                                    "size":0.1,
                                    "fov":360
                                },
                                "data":[
                                    {
                                        "type":"Gun",
                                        "mode": 0,
                                        "offsetRotation":0,
                                        "offset":{
                                            "x":0.1,
                                            "y":0.03
                                        },
                                        "reloadMultiplier":2,
                                        "layer":1,
                                        "startDelay":0,
                                        "size":[0.2,0.025,0.025],
                                        "bulletType":{
                                            "type":0,
                                            "sharp":false,
                                            "sharpFactor":1,
                                            "multipliers":[1,4.5,1.5,0.4]
                                        }
                                    },
                                    {
                                        "type":"Gun",
                                        "mode": 0,
                                        "offsetRotation":0,
                                        "offset":{
                                            "x":0.1,
                                            "y":-0.03
                                        },
                                        "reloadMultiplier":2,
                                        "layer":1,
                                        "startDelay":2,
                                        "size":[0.2,0.025,0.025],
                                        "bulletType":{
                                            "type":0,
                                            "sharp":false,
                                            "sharpFactor":1,
                                            "multipliers":[1,4.5,1.5,0.4]
                                        }
                                    }
                                ]
                            }
                        ]
                    }
                }
            }
        ],
        "parent": ["Single"],
        "extradata":{
            "stopFollow":3.5
        }
    },
    "Launcher-Auto":{
        "data":[
            {
                "type":"Gun",
                "offsetRotation":0,
                "offset":{
                    "x":0,
                    "y":0
                },
                "reloadMultiplier":0.4,
                "layer":1,
                "startDelay":0,
                "size":[0.3,0.14,0.14,0.2,0.05,0.05],
                "bulletType":{
                    "type":0,
                    "sharp":false,
                    "sharpFactor":1,
                    "multipliers":[2,1.5,6,1.4,0.8,3,0.5,0.1],
                    "weapon":{
                        "data":[
                            {
                                "type":"AutoGunArray",
                                "count": 1,
                                "info": {
                                    "offsetRotation":0,
                                    "offset":{
                                        "x":0,
                                        "y":0
                                    },
                                    "layer":15,
                                    "size":0.1,
                                    "fov":1000
                                },
                                "data":[
                                    {
                                        "type":"Gun",
                                        "mode": 0,
                                        "offsetRotation":0,
                                        "offset":{
                                            "x":0.1,
                                            "y":0.03
                                        },
                                        "reloadMultiplier":3,
                                        "layer":1,
                                        "startDelay":0,
                                        "size":[0.15,0.025,0.025],
                                        "bulletType":{
                                            "type":0,
                                            "sharp":false,
                                            "sharpFactor":1,
                                            "multipliers":[1,4.5,1,0.4,1,1,1,0.1]
                                        }
                                    },
                                    {
                                        "type":"Gun",
                                        "mode": 0,
                                        "offsetRotation":0,
                                        "offset":{
                                            "x":0.1,
                                            "y":-0.03
                                        },
                                        "reloadMultiplier":3,
                                        "layer":1,
                                        "startDelay":2,
                                        "size":[0.2,0.025,0.025],
                                        "bulletType":{
                                            "type":0,
                                            "sharp":false,
                                            "sharpFactor":1,
                                            "multipliers":[1,4.5,1,0.4,1,1,1,0.1]
                                        }
                                    }
                                ]
                            }
                        ]
                    }
                }
            }
        ],
        "parent": ["Launcher"],
        "extradata":{
            "stopFollow":3
        }
    },
    "StreamLiner":{
        "data":[
            {
                "type":"Gun",
                "offsetRotation":0,
                "offset":{
                    "x":0.1,
                    "y":0
                },
                "reloadMultiplier":1.5,
                "layer":1,
                "startDelay":0,
                "size":[0.4,0.08,0.08],
                "bulletType":{
                    "type":0,
                    "sharp":false,
                    "sharpFactor":1,
                    "multipliers":[1,4.5,1.5,0.9]
                }
            },
            {
                "type":"Gun",
                "offsetRotation":0,
                "offset":{
                    "x":0.1,
                    "y":0
                },
                "reloadMultiplier":1.5,
                "layer":2,
                "startDelay":2,
                "size":[0.35,0.08,0.08],
                "bulletType":{
                    "type":0,
                    "sharp":false,
                    "sharpFactor":1,
                    "multipliers":[1,4.5,1.5,0.9]
                }
            },
            {
                "type":"Gun",
                "offsetRotation":0,
                "offset":{
                    "x":0.1,
                    "y":0
                },
                "reloadMultiplier":1.5,
                "layer":3,
                "startDelay":4,
                "size":[0.3,0.08,0.08],
                "bulletType":{
                    "type":0,
                    "sharp":false,
                    "sharpFactor":1,
                    "multipliers":[1,4.5,1.5,0.9]
                }
            }
        ],
        "parent": ["Single"],
        "extradata":{
            "stopFollow":4
        }
    },
    "Predictor":{
        "data":[
            {
                "type":"Gun",
                "offsetRotation":0,
                "offset":{
                    "x":0,
                    "y":0
                },
                "reloadMultiplier":0.35,
                "layer":1,
                "startDelay":0,
                "size":[0.3,0.15,0.15],
                "bulletType":{
                    "type":0,
                    "sharp":false,
                    "sharpFactor":1,
                    "multipliers":[5,3,4,1.8]
                }
            },
            {
                "type":"Gun",
                "offsetRotation":0,
                "offset":{
                    "x":0,
                    "y":0
                },
                "reloadMultiplier":0.35,
                "layer":2,
                "startDelay":4,
                "size":[0.4,0.11,0.11],
                "bulletType":{
                    "type":0,
                    "sharp":false,
                    "sharpFactor":1,
                    "multipliers":[1.5,3.5,2,1.2]
                }
            },
            {
                "type":"Gun",
                "offsetRotation":0,
                "offset":{
                    "x":0,
                    "y":0
                },
                "reloadMultiplier":0.35,
                "layer":3,
                "startDelay":8,
                "size":[0.5,0.07,0.07],
                "bulletType":{
                    "type":0,
                    "sharp":false,
                    "sharpFactor":1,
                    "multipliers":[1,5,2,0.6]
                }
            }
        ],
        "parent": ["Destroyer"],
        "extradata":{
            "stopFollow":3
        }
    }
}