{
  "Gunner":{
    "data":[
      {
        "type":"Mirror",
        "mode": 0,
        "offsetRotation":0,
        "offset":{
          "x":0,
          "y":0.08
        },
        "reloadMultiplier":1.8,
        "layer":2,
        "startDelay":0,
        "size":[0.35,0.05,0.05],
        "bulletType":{
          "type":0,
          "sharp":false,
          "sharpFactor":1,
          "multipliers":[1.2,3,1.2,0.5]
        }
      },
      {
        "type":"Mirror",
        "mode": 0,
        "offsetRotation":0,
        "offset":{
          "x":0,
          "y":0.13
        },
        "reloadMultiplier":1.8,
        "layer":1,
        "startDelay":3,
        "size":[0.3,0.05,0.05],
        "bulletType":{
          "type":0,
          "sharp":false,
          "sharpFactor":1,
          "multipliers":[1.2,3,1.2,0.5]
        }
      }
    ]
  },
  "MiniGunner":{
    "data":[
      {
        "type":"Mirror",
        "mode": 0,
        "offsetRotation":0,
        "offset":{
          "x":0,
          "y":0.05
        },
        "reloadMultiplier":1.8,
        "layer":2,
        "startDelay":1,
        "startDelays":[0,4],
        "size":[0.35,0.03,0.03],
        "bulletType":{
          "type":0,
          "sharp":false,
          "sharpFactor":1,
          "multipliers":[1.7,3,3,0.3]
        }
      }
    ]
  },

}