{
  "TripleShot":{
    "data":[
      {
        "type":"Mirror",
        "mode": 0,
        "offsetRotation":15,
        "offset":{
          "x":0,
          "y":0.05
        },
        "reloadMultiplier":1,
        "layer":1,
        "startDelay":5,
        "size":[0.35,0.08,0.08],
        "bulletType":{
          "type":0,
          "sharp":false,
          "sharpFactor":1,
          "multipliers":[1.8,3,2,1]
        }
      },
      {
        "type":"Gun",
        "mode": 0,
        "offsetRotation":0,
        "offset":{
          "x":0,
          "y":0.0
        },
        "reloadMultiplier":1,
        "layer":1,
        "startDelay":0,
        "size":[0.4,0.08,0.08],
        "bulletType":{
          "type":0,
          "sharp":false,
          "sharpFactor":1,
          "multipliers":[1.8,3,2,1]
        }
      }
    ],
    "extradata":{
      "stopFollow":3
    },
    "parent": ["Twin"]
  },
  "PentaShot":{
    "data":[
      {
        "type":"Mirror",
        "mode": 0,
        "offsetRotation":15,
        "offset":{
          "x":0,
          "y":0.05
        },
        "reloadMultiplier":1,
        "layer":1,
        "startDelay":5,
        "size":[0.35,0.08,0.08],
        "bulletType":{
          "type":0,
          "sharp":false,
          "sharpFactor":1,
          "multipliers":[1.5,3,2,1]
        }
      },
      {
        "type":"Mirror",
        "mode": 0,
        "offsetRotation":45,
        "offset":{
          "x":0,
          "y":0.05
        },
        "reloadMultiplier":1,
        "layer":0,
        "startDelay":0,
        "size":[0.3,0.08,0.08],
        "bulletType":{
          "type":0,
          "sharp":false,
          "sharpFactor":1,
          "multipliers":[1.4,3,2,1]
        }
      },
      {
        "type":"Gun",
        "mode": 0,
        "offsetRotation":0,
        "offset":{
          "x":0,
          "y":0.0
        },
        "reloadMultiplier":1,
        "layer":2,
        "startDelay":0,
        "size":[0.4,0.08,0.08],
        "bulletType":{
          "type":0,
          "sharp":false,
          "sharpFactor":1,
          "multipliers":[1.8,3,2,1]
        }
      }
    ],
    "extradata":{
      "stopFollow":3
    },
    "parent": ["TripleShot"]
  }
}