{
  "2DirectorBehind":{
    "data":[
      {
        "type":"Mirror",
        "mode": 0,
        "offsetRotation":135,
        "offset":{
          "x":0,
          "y":0
        },
        "reloadMultiplier":0.5,
        "layer":2,
        "startDelay":1,
        "startDelays":[0,2],
        "size":[0.3,0.1,0.15],
        "bulletType":{
          "type":1,
          "renderType": 1,
          "sharp":false,
          "sharpFactor":0,
          "multipliers":[2.5,3,3,1,1000000]
        },
        "extraData": {
          "maxCount": 4
        }
      }
    ]
  }
}