{
  "test":{
    "data":[
      {
        "type":"AutoGunList",
        "info": {
          "offsetRotation":0,
          "offset":{
            "x":0.2,
            "y":0
          },
          "layer":1,
          "size":0.1,
          "fov":360
        },
        "data": [
          {
            "type":"Mirror",
            "mode": 0,
            "offsetRotation":20,
            "offset":{
              "x":0.1,
              "y":0
            },
            "reloadMultiplier":2,
            "layer":1,
            "startDelay":0,
            "size":[0.4,0.08,0.08],
            "bulletType":{
              "type":0,
              "sharp":false,
              "sharpFactor":1,
              "multipliers":[1,4.5,1.5,0.9]
            }
          },
          {
            "type":"AutoGunList",
            "info": {
              "offsetRotation":20,
              "offset":{
                "x":0.2,
                "y":0
              },
              "layer":1,
              "size":0.1,
              "fov":360
            },
            "data": [
              {
                "type":"Mirror",
                "mode": 0,
                "offsetRotation":20,
                "offset":{
                  "x":0.1,
                  "y":0
                },
                "reloadMultiplier":2,
                "layer":1,
                "startDelay":0,
                "size":[0.4,0.08,0.08],
                "bulletType":{
                  "type":0,
                  "sharp":false,
                  "sharpFactor":1,
                  "multipliers":[1,4.5,1.5,0.9]
                }
              },
              {
                "type":"AutoGunList",
                "info": {
                  "offsetRotation":20,
                  "offset":{
                    "x":0.2,
                    "y":0
                  },
                  "layer":1,
                  "size":0.1,
                  "fov":360
                },
                "data": [
                  {
                    "type":"Mirror",
                    "mode": 0,
                    "offsetRotation":20,
                    "offset":{
                      "x":0.1,
                      "y":0
                    },
                    "reloadMultiplier":2,
                    "layer":1,
                    "startDelay":0,
                    "size":[0.4,0.08,0.08],
                    "bulletType":{
                      "type":0,
                      "sharp":false,
                      "sharpFactor":1,
                      "multipliers":[1,4.5,1.5,0.9]
                    }
                  },
                  {
                    "type":"AutoGunList",
                    "info": {
                      "offsetRotation":-20,
                      "offset":{
                        "x":0.2,
                        "y":0
                      },
                      "layer":1,
                      "size":0.1,
                      "fov":360
                    },
                    "data": [
                      {
                        "type":"Mirror",
                        "mode": 0,
                        "offsetRotation":20,
                        "offset":{
                          "x":0.1,
                          "y":0
                        },
                        "reloadMultiplier":2,
                        "layer":1,
                        "startDelay":0,
                        "size":[0.4,0.08,0.08],
                        "bulletType":{
                          "type":0,
                          "sharp":false,
                          "sharpFactor":1,
                          "multipliers":[1,4.5,1.5,0.9]
                        }
                      },
                      {
                        "type":"AutoGunList",
                        "info": {
                          "offsetRotation":-20,
                          "offset":{
                            "x":0.2,
                            "y":0
                          },
                          "layer":1,
                          "size":0.1,
                          "fov":360
                        },
                        "data": [
                          {
                            "type":"Mirror",
                            "mode": 0,
                            "offsetRotation":20,
                            "offset":{
                              "x":0.1,
                              "y":0
                            },
                            "reloadMultiplier":2,
                            "layer":1,
                            "startDelay":0,
                            "size":[0.4,0.08,0.08],
                            "bulletType":{
                              "type":0,
                              "sharp":false,
                              "sharpFactor":1,
                              "multipliers":[1,4.5,1.5,0.9]
                            }
                          },
                          {
                            "type":"AutoGunList",
                            "info": {
                              "offsetRotation":0,
                              "offset":{
                                "x":0.2,
                                "y":0
                              },
                              "layer":1,
                              "size":0.1,
                              "fov":360
                            },
                            "data": [
                              {
                                "type":"Mirror",
                                "mode": 0,
                                "offsetRotation":20,
                                "offset":{
                                  "x":0.1,
                                  "y":0
                                },
                                "reloadMultiplier":2,
                                "layer":1,
                                "startDelay":0,
                                "size":[0.4,0.08,0.08],
                                "bulletType":{
                                  "type":0,
                                  "sharp":false,
                                  "sharpFactor":1,
                                  "multipliers":[1,4.5,1.5,0.9]
                                }
                              },
                              {
                                "type":"AutoGunList",
                                "info": {
                                  "offsetRotation":20,
                                  "offset":{
                                    "x":0.2,
                                    "y":0
                                  },
                                  "layer":1,
                                  "size":0.1,
                                  "fov":360
                                },
                                "data": [
                                  {
                                    "type":"Mirror",
                                    "mode": 0,
                                    "offsetRotation":20,
                                    "offset":{
                                      "x":0.1,
                                      "y":0
                                    },
                                    "reloadMultiplier":2,
                                    "layer":1,
                                    "startDelay":0,
                                    "size":[0.4,0.08,0.08],
                                    "bulletType":{
                                      "type":0,
                                      "sharp":false,
                                      "sharpFactor":1,
                                      "multipliers":[1,4.5,1.5,0.9]
                                    }
                                  },
                                  {
                                    "type":"AutoGunList",
                                    "info": {
                                      "offsetRotation":20,
                                      "offset":{
                                        "x":0.2,
                                        "y":0
                                      },
                                      "layer":1,
                                      "size":0.1,
                                      "fov":360
                                    },
                                    "data": [
                                      {
                                        "type":"Mirror",
                                        "mode": 0,
                                        "offsetRotation":20,
                                        "offset":{
                                          "x":0.1,
                                          "y":0
                                        },
                                        "reloadMultiplier":2,
                                        "layer":1,
                                        "startDelay":0,
                                        "size":[0.4,0.08,0.08],
                                        "bulletType":{
                                          "type":0,
                                          "sharp":false,
                                          "sharpFactor":1,
                                          "multipliers":[1,4.5,1.5,0.9]
                                        }
                                      },
                                      {
                                        "type":"AutoGunList",
                                        "info": {
                                          "offsetRotation":-20,
                                          "offset":{
                                            "x":0.2,
                                            "y":0
                                          },
                                          "layer":1,
                                          "size":0.1,
                                          "fov":360
                                        },
                                        "data": [
                                          {
                                            "type":"Mirror",
                                            "mode": 0,
                                            "offsetRotation":20,
                                            "offset":{
                                              "x":0.1,
                                              "y":0
                                            },
                                            "reloadMultiplier":2,
                                            "layer":1,
                                            "startDelay":0,
                                            "size":[0.4,0.08,0.08],
                                            "bulletType":{
                                              "type":0,
                                              "sharp":false,
                                              "sharpFactor":1,
                                              "multipliers":[1,4.5,1.5,0.9]
                                            }
                                          },
                                          {
                                            "type":"AutoGunList",
                                            "info": {
                                              "offsetRotation":-20,
                                              "offset":{
                                                "x":0.2,
                                                "y":0
                                              },
                                              "layer":1,
                                              "size":0.1,
                                              "fov":360
                                            },
                                            "data": [
                                              {
                                                "type":"Mirror",
                                                "mode": 0,
                                                "offsetRotation":20,
                                                "offset":{
                                                  "x":0.1,
                                                  "y":0
                                                },
                                                "reloadMultiplier":2,
                                                "layer":1,
                                                "startDelay":0,
                                                "size":[0.4,0.08,0.08],
                                                "bulletType":{
                                                  "type":0,
                                                  "sharp":false,
                                                  "sharpFactor":1,
                                                  "multipliers":[1,4.5,1.5,0.9]
                                                }
                                              },
                                              {
                                                "type":"AutoGunList",
                                                "info": {
                                                  "offsetRotation":0,
                                                  "offset":{
                                                    "x":0.2,
                                                    "y":0
                                                  },
                                                  "layer":1,
                                                  "size":0.1,
                                                  "fov":360
                                                },
                                                "data": [
                                                  {
                                                    "type":"Mirror",
                                                    "mode": 0,
                                                    "offsetRotation":20,
                                                    "offset":{
                                                      "x":0.1,
                                                      "y":0
                                                    },
                                                    "reloadMultiplier":2,
                                                    "layer":1,
                                                    "startDelay":0,
                                                    "size":[0.4,0.08,0.08],
                                                    "bulletType":{
                                                      "type":0,
                                                      "sharp":false,
                                                      "sharpFactor":1,
                                                      "multipliers":[1,4.5,1.5,0.9]
                                                    }
                                                  },
                                                  {
                                                    "type":"AutoGunList",
                                                    "info": {
                                                      "offsetRotation":20,
                                                      "offset":{
                                                        "x":0.2,
                                                        "y":0
                                                      },
                                                      "layer":1,
                                                      "size":0.1,
                                                      "fov":360
                                                    },
                                                    "data": [
                                                      {
                                                        "type":"Mirror",
                                                        "mode": 0,
                                                        "offsetRotation":20,
                                                        "offset":{
                                                          "x":0.1,
                                                          "y":0
                                                        },
                                                        "reloadMultiplier":2,
                                                        "layer":1,
                                                        "startDelay":0,
                                                        "size":[0.4,0.08,0.08],
                                                        "bulletType":{
                                                          "type":0,
                                                          "sharp":false,
                                                          "sharpFactor":1,
                                                          "multipliers":[1,4.5,1.5,0.9]
                                                        }
                                                      },
                                                      {
                                                        "type":"AutoGunList",
                                                        "info": {
                                                          "offsetRotation":20,
                                                          "offset":{
                                                            "x":0.2,
                                                            "y":0
                                                          },
                                                          "layer":1,
                                                          "size":0.1,
                                                          "fov":360
                                                        },
                                                        "data": [
                                                          {
                                                            "type":"Mirror",
                                                            "mode": 0,
                                                            "offsetRotation":20,
                                                            "offset":{
                                                              "x":0.1,
                                                              "y":0
                                                            },
                                                            "reloadMultiplier":2,
                                                            "layer":1,
                                                            "startDelay":0,
                                                            "size":[0.4,0.08,0.08],
                                                            "bulletType":{
                                                              "type":0,
                                                              "sharp":false,
                                                              "sharpFactor":1,
                                                              "multipliers":[1,4.5,1.5,0.9]
                                                            }
                                                          },
                                                          {
                                                            "type":"AutoGunList",
                                                            "info": {
                                                              "offsetRotation":-20,
                                                              "offset":{
                                                                "x":0.2,
                                                                "y":0
                                                              },
                                                              "layer":1,
                                                              "size":0.1,
                                                              "fov":360
                                                            },
                                                            "data": [
                                                              {
                                                                "type":"Mirror",
                                                                "mode": 0,
                                                                "offsetRotation":20,
                                                                "offset":{
                                                                  "x":0.1,
                                                                  "y":0
                                                                },
                                                                "reloadMultiplier":2,
                                                                "layer":1,
                                                                "startDelay":0,
                                                                "size":[0.4,0.08,0.08],
                                                                "bulletType":{
                                                                  "type":0,
                                                                  "sharp":false,
                                                                  "sharpFactor":1,
                                                                  "multipliers":[1,4.5,1.5,0.9]
                                                                }
                                                              },
                                                              {
                                                                "type":"AutoGunList",
                                                                "info": {
                                                                  "offsetRotation":-20,
                                                                  "offset":{
                                                                    "x":0.2,
                                                                    "y":0
                                                                  },
                                                                  "layer":1,
                                                                  "size":0.1,
                                                                  "fov":360
                                                                },
                                                                "data": [
                                                                  {
                                                                    "type":"Mirror",
                                                                    "mode": 0,
                                                                    "offsetRotation":20,
                                                                    "offset":{
                                                                      "x":0.1,
                                                                      "y":0
                                                                    },
                                                                    "reloadMultiplier":2,
                                                                    "layer":1,
                                                                    "startDelay":0,
                                                                    "size":[0.4,0.08,0.08],
                                                                    "bulletType":{
                                                                      "type":0,
                                                                      "sharp":false,
                                                                      "sharpFactor":1,
                                                                      "multipliers":[1,4.5,1.5,0.9]
                                                                    }
                                                                  }
                                                                ]
                                                              }
                                                            ]
                                                          }
                                                        ]
                                                      }
                                                    ]
                                                  }
                                                ]
                                              }
                                            ]
                                          }
                                        ]
                                      }
                                    ]
                                  }
                                ]
                              }
                            ]
                          }
                        ]
                      }
                    ]
                  }
                ]
              }
            ]
          }
        ]
      }
    ]
  },
  "visitor-0-0":{
    "data":[
      {
        "type":"AutoGunArray",
        "count": 2,
        "info": {
          "offsetRotation":0,
          "offset":{
            "x":0.15,
            "y":0
          },
          "layer":3,
          "size":0.05,
          "fov":200
        },
        "data":[
          {
            "type":"Mirror",
            "mode": 0,
            "offsetRotation":0,
            "offset":{
              "x":0.02,
              "y":0.02
            },
            "reloadMultiplier":2,
            "layer":1,
            "startDelay":0,
            "size":[0.1,0.01,0.01],
            "bulletType":{
              "type":0,
              "sharp":false,
              "sharpFactor":1,
              "multipliers":[3,4.5,1.5,0.18]
            }
          },
          {
            "type":"Mirror",
            "mode": 0,
            "offsetRotation":20,
            "offset":{
              "x":0.02,
              "y":0.02
            },
            "reloadMultiplier":2,
            "layer":0,
            "startDelay":2,
            "size":[0.1,0.01,0.01],
            "bulletType":{
              "type":0,
              "sharp":false,
              "sharpFactor":1,
              "multipliers":[3,4.5,1.5,0.18]
            }
          }
        ]
      }
    ]
  },
  "visitor-0-1":{
    "data":[
      {
        "type":"AutoGunArray",
        "count": 2,
        "info": {
          "offsetRotation":0,
          "offset":{
            "x":0.2,
            "y":0
          },
          "layer":1,
          "size":0.08,
          "fov":250
        },
        "data":[
          {
            "type":"Mirror",
            "mode": 0,
            "offsetRotation":0,
            "offset":{
              "x":0.02,
              "y":0.02
            },
            "reloadMultiplier":2,
            "layer":1,
            "startDelay":0,
            "size":[0.1,0.02,0.02],
            "bulletType":{
              "type":0,
              "sharp":false,
              "sharpFactor":1,
              "multipliers":[5,3,2,0.36]
            }
          },
          {
            "type":"Mirror",
            "mode": 0,
            "offsetRotation":15,
            "offset":{
              "x":0.02,
              "y":0.02
            },
            "reloadMultiplier":2,
            "layer":0,
            "startDelay":2,
            "size":[0.1,0.02,0.02],
            "bulletType":{
              "type":0,
              "sharp":false,
              "sharpFactor":1,
              "multipliers":[5,3,2,0.36]
            }
          },
          {
            "type":"Mirror",
            "mode": 0,
            "offsetRotation":30,
            "offset":{
              "x":0.02,
              "y":0.02
            },
            "reloadMultiplier":2,
            "layer":2,
            "startDelay":4,
            "size":[0.1,0.01,0.01],
            "bulletType":{
              "type":0,
              "sharp":false,
              "sharpFactor":1,
              "multipliers":[3,4.5,1.5,0.18]
            }
          }
        ]
      }
    ]
  },
  "visitor-1-0":{
    "data":[
      {
        "type":"AutoGunArray",
        "count": 5,
        "info": {
          "offsetRotation":0,
          "offset":{
            "x":0.15,
            "y":0
          },
          "layer":3,
          "size":0.05,
          "fov":100
        },
        "data":[
          {
            "type":"Mirror",
            "mode": 0,
            "offsetRotation":0,
            "offset":{
              "x":0.02,
              "y":0.02
            },
            "reloadMultiplier":2,
            "layer":1,
            "startDelay":0,
            "size":[0.1,0.01,0.01],
            "bulletType":{
              "type":0,
              "sharp":false,
              "sharpFactor":1,
              "multipliers":[3,4.5,1.5,0.18]
            }
          }
        ]
      },
      {
        "type":"GunArray",
        "count": 3,
        "offsetRotation":0,
        "offset":{
          "x":0,
          "y":0
        },
        "reloadMultiplier":0.05,
        "layer":2,
        "startDelay":0,
        "size":[0.2,0.1,0.1],
        "bulletType":{
          "type":0,
          "sharp":false,
          "sharpFactor":1,
          "multipliers":[10,1.5,16,1,0.8,3,0.5,10]
        }
      }
    ]
  },
  "visitor-1-1":{
    "data":[
      {
        "type":"AutoGunArray",
        "count": 4,
        "info": {
          "offsetRotation":0,
          "offset":{
            "x":0.15,
            "y":0
          },
          "layer":3,
          "size":0.08,
          "fov":120
        },
        "data":[
          {
            "type":"Mirror",
            "mode": 0,
            "offsetRotation":0,
            "offset":{
              "x":0.02,
              "y":0.02
            },
            "reloadMultiplier":2,
            "layer":1,
            "startDelay":0,
            "size":[0.1,0.01,0.01],
            "bulletType":{
              "type":0,
              "sharp":false,
              "sharpFactor":1,
              "multipliers":[3,4.5,1.5,0.18]
            }
          },
          {
            "type":"Mirror",
            "mode": 0,
            "offsetRotation":0,
            "offset":{
              "x":0.02,
              "y":0.02
            },
            "reloadMultiplier":2,
            "layer":2,
            "startDelay":2,
            "size":[0.08,0.015,0.015],
            "bulletType":{
              "type":0,
              "sharp":false,
              "sharpFactor":1,
              "multipliers":[5,4.5,2,0.27]
            }
          }
        ]
      }
    ]
  },
  "visitor-3-0":{
    "data":[
      {
        "type":"AutoGunArray",
        "count": 5,
        "info": {
          "offsetRotation":0,
          "offset":{
            "x":0.15,
            "y":0
          },
          "layer":3,
          "size":0.05,
          "fov":100
        },
        "data":[
          {
            "type":"Mirror",
            "mode": 0,
            "offsetRotation":0,
            "offset":{
              "x":0.02,
              "y":0.02
            },
            "reloadMultiplier":2,
            "layer":1,
            "startDelay":0,
            "size":[0.1,0.01,0.01],
            "bulletType":{
              "type":0,
              "sharp":false,
              "sharpFactor":1,
              "multipliers":[3,4.5,1.5,0.18]
            }
          },
          {
            "type":"Mirror",
            "mode": 0,
            "offsetRotation":20,
            "offset":{
              "x":0.02,
              "y":0.02
            },
            "reloadMultiplier":2,
            "layer":0,
            "startDelay":2,
            "size":[0.1,0.01,0.01],
            "bulletType":{
              "type":0,
              "sharp":false,
              "sharpFactor":1,
              "multipliers":[3,4.5,1.5,0.18]
            }
          }
        ]
      },
      {
        "type":"GunArray",
        "count": 3,
        "offsetRotation":0,
        "offset":{
          "x":0,
          "y":0
        },
        "reloadMultiplier":0.05,
        "layer":2,
        "startDelay":0,
        "size":[0.2,0.1,0.1],
        "bulletType":{
          "type":0,
          "sharp":false,
          "sharpFactor":1,
          "multipliers":[10,1.5,16,1,0.8,3,0.5,10]
        }
      },
      {
        "type":"GunArray",
        "count": 3,
        "offsetRotation":60,
        "offset":{
          "x":0,
          "y":0
        },
        "reloadMultiplier":0.3,
        "layer":0,
        "startDelay":5,
        "size":[0.2,0.1,0.1],
        "bulletType":{
          "type":0,
          "sharp":false,
          "sharpFactor":1,
          "multipliers":[10,1.5,16,1,0.8,3,0.5,10]
        }
      },
      {
        "type":"GunArray",
        "count": 3,
        "offsetRotation":60,
        "offset":{
          "x":0,
          "y":0
        },
        "reloadMultiplier":0.3,
        "layer":2,
        "startDelay":5,
        "size":[0.2,0.1,0.1],
        "bulletType":{
          "type":0,
          "sharp":false,
          "sharpFactor":1,
          "multipliers":[10,1.5,16,1,0.8,3,0.5,10]
        }
      },
      {
        "type":"AutoGunArray",
        "count": 4,
        "info": {
          "offsetRotation":0,
          "offset":{
            "x":0.2,
            "y":0
          },
          "layer":1,
          "size":0.08,
          "fov":100
        },
        "data":[
          {
            "type":"Mirror",
            "mode": 0,
            "offsetRotation":0,
            "offset":{
              "x":0.02,
              "y":0.02
            },
            "reloadMultiplier":2,
            "layer":1,
            "startDelay":0,
            "size":[0.1,0.02,0.02],
            "bulletType":{
              "type":0,
              "sharp":false,
              "sharpFactor":1,
              "multipliers":[5,3,2,0.36]
            }
          },
          {
            "type":"Mirror",
            "mode": 0,
            "offsetRotation":15,
            "offset":{
              "x":0.02,
              "y":0.02
            },
            "reloadMultiplier":2,
            "layer":0,
            "startDelay":2,
            "size":[0.1,0.02,0.02],
            "bulletType":{
              "type":0,
              "sharp":false,
              "sharpFactor":1,
              "multipliers":[5,3,2,0.36]
            }
          },
          {
            "type":"Mirror",
            "mode": 0,
            "offsetRotation":30,
            "offset":{
              "x":0.02,
              "y":0.02
            },
            "reloadMultiplier":2,
            "layer":2,
            "startDelay":4,
            "size":[0.1,0.01,0.01],
            "bulletType":{
              "type":0,
              "sharp":false,
              "sharpFactor":1,
              "multipliers":[3,4.5,1.5,0.18]
            }
          }
        ]
      }
    ]
  },
  "test2":{
    "data":[
      {
        "type":"Gun",
        "offsetRotation":0,
        "offset":{
          "x":0,
          "y":0
        },
        "reloadMultiplier":2,
        "layer":1,
        "startDelay":0,
        "size":[0.35,0.18,0.18],
        "bulletType":{
          "type":0,
          "sharp":false,
          "sharpFactor":1,
          "multipliers":[2,3,6,1.8,0.8,3,0.5,10],
          "weapon":{
            "data":[
              {
                "type":"Gun",
                "offsetRotation":90,
                "offset":{
                  "x":0,
                  "y":0
                },
                "reloadMultiplier":2,
                "layer":1,
                "startDelay":0,
                "size":[0.35,0.18,0.18],
                "bulletType":{
                  "type":0,
                  "sharp":false,
                  "sharpFactor":1,
                  "multipliers":[2,3,6,1.8,0.8,3,0.5,10],
                  "weapon":{
                    "data":[
                      {
                        "type":"Gun",
                        "offsetRotation":90,
                        "offset":{
                          "x":0,
                          "y":0
                        },
                        "reloadMultiplier":2,
                        "layer":1,
                        "startDelay":0,
                        "size":[0.35,0.18,0.18],
                        "bulletType":{
                          "type":0,
                          "sharp":false,
                          "sharpFactor":1,
                          "multipliers":[2,3,6,1.8,0.8,3,0.5,10],
                          "weapon":{
                            "data":[
                              {
                                "type":"Gun",
                                "offsetRotation":90,
                                "offset":{
                                  "x":0,
                                  "y":0
                                },
                                "reloadMultiplier":2,
                                "layer":1,
                                "startDelay":0,
                                "size":[0.35,0.18,0.18],
                                "bulletType":{
                                  "type":0,
                                  "sharp":false,
                                  "sharpFactor":1,
                                  "multipliers":[2,3,6,1.8,0.8,3,0.5,10],
                                  "weapon":{
                                    "data":[
                                      {
                                        "type":"Gun",
                                        "offsetRotation":0,
                                        "offset":{
                                          "x":0,
                                          "y":0
                                        },
                                        "reloadMultiplier":2,
                                        "layer":1,
                                        "startDelay":0,
                                        "size":[0.35,0.18,0.18],
                                        "bulletType":{
                                          "type":0,
                                          "sharp":false,
                                          "sharpFactor":1,
                                          "multipliers":[2,3,6,1.8,0.8,3,0.5,10],
                                          "weapon":{
                                            "data":[
                                              {
                                                "type":"Gun",
                                                "offsetRotation":90,
                                                "offset":{
                                                  "x":0,
                                                  "y":0
                                                },
                                                "reloadMultiplier":2,
                                                "layer":1,
                                                "startDelay":0,
                                                "size":[0.35,0.18,0.18],
                                                "bulletType":{
                                                  "type":0,
                                                  "sharp":false,
                                                  "sharpFactor":1,
                                                  "multipliers":[2,3,6,1.8,0.8,3,0.5,10],
                                                  "weapon":{
                                                    "data":[
                                                      {
                                                        "type":"Gun",
                                                        "offsetRotation":90,
                                                        "offset":{
                                                          "x":0,
                                                          "y":0
                                                        },
                                                        "reloadMultiplier":2,
                                                        "layer":1,
                                                        "startDelay":0,
                                                        "size":[0.35,0.18,0.18],
                                                        "bulletType":{
                                                          "type":0,
                                                          "sharp":false,
                                                          "sharpFactor":1,
                                                          "multipliers":[2,3,6,1.8,0.8,3,0.5,10],
                                                          "weapon":{
                                                            "data":[
                                                              {
                                                                "type":"Gun",
                                                                "offsetRotation":90,
                                                                "offset":{
                                                                  "x":0,
                                                                  "y":0
                                                                },
                                                                "reloadMultiplier":2,
                                                                "layer":1,
                                                                "startDelay":0,
                                                                "size":[0.35,0.18,0.18],
                                                                "bulletType":{
                                                                  "type":0,
                                                                  "sharp":false,
                                                                  "sharpFactor":1,
                                                                  "multipliers":[2,3,6,1.8,0.8,3,0.5,10],
                                                                  "weapon":{
                                                                    "data":[
                                                                      {
                                                                        "type":"Gun",
                                                                        "offsetRotation":180,
                                                                        "offset":{
                                                                          "x":0.19,
                                                                          "y":0
                                                                        },
                                                                        "reloadMultiplier":3,
                                                                        "layer":1,
                                                                        "startDelay":0,
                                                                        "size":[0.1,0.06,0.06],
                                                                        "bulletType":{
                                                                          "type":0,
                                                                          "sharp":false,
                                                                          "sharpFactor":1,
                                                                          "multipliers":[1,6,1,0.5,0.8,3,0.5,5]
                                                                        }
                                                                      }
                                                                    ]
                                                                  }
                                                                }
                                                              }
                                                            ]
                                                          }
                                                        }
                                                      }
                                                    ]
                                                  }
                                                }
                                              }
                                            ]
                                          }
                                        }
                                      }
                                    ]
                                  }
                                }
                              }
                            ]
                          }
                        }
                      }
                    ]
                  }
                }
              }
            ]
          }
        }
      }
    ]
  }
}