{
  "TrapGuard":{
    "data":[
      {
        "type":"Gun",
        "offsetRotation":0,
        "offset":{
          "x":0,
          "y":0
        },
        "reloadMultiplier":0.8,
        "layer":1,
        "startDelay":0,
        "size":[0.35,0.08,0.08],
        "bulletType":{
          "type":0,
          "sharp":false,
          "sharpFactor":1,
          "multipliers":[2.5,3,1.5,1]
        }
      },
      {
        "preset":["BigTrapBehind"]
      }
    ],
    "parent": ["FlankGuard"],
    "extradata":{
      "stopFollow":1
    }
  },
  "Bushwhacker":{
    "data":[
      {
        "type":"Gun",
        "offsetRotation":0,
        "offset":{
          "x":0,
          "y":0
        },
        "reloadMultiplier":0.7,
        "layer":1,
        "startDelay":0,
        "size":[0.45,0.08,0.08],
        "bulletType":{
          "type":0,
          "sharp":false,
          "sharpFactor":1,
          "multipliers":[3,4,1.5,1]
        }
      },
      {
        "preset":["BigTrapBehind"]
      }
    ],
    "parent": ["TrapGuard"],
    "extradata":{
      "stopFollow":3
    }
  }
}