{
  "Triangle":{
    "data":[
      {
        "type":"Gun",
        "offsetRotation":0,
        "offset":{
          "x":0,
          "y":0
        },
        "reloadMultiplier":1.5,
        "layer":1,
        "startDelay":0,
        "size":[0.35,0.08,0.08],
        "bulletType":{
          "type":0,
          "sharp":false,
          "sharpFactor":1,
          "multipliers":[2.5,3,1.5,1]
        }
      },
      {
        "type":"Mirror",
        "mode": 0,
        "offsetRotation":150,
        "offset":{
          "x":0,
          "y":0
        },
        "reloadMultiplier":1.5,
        "layer":1,
        "startDelay":0,
        "size":[0.35,0.08,0.08],
        "bulletType":{
          "type":0,
          "sharp":false,
          "sharpFactor":1,
          "multipliers":[0.5,3,0.5,1,1,1,1,2.5]
        }
      }
    ],
    "extradata":{
      "stopFollow":0
    },
    "parent": ["FlankGuard"]
  },
  "Auto-Triangle":{
    "data":[
      {
        "type":"Gun",
        "offsetRotation":0,
        "offset":{
          "x":0,
          "y":0
        },
        "reloadMultiplier":1.5,
        "layer":1,
        "startDelay":0,
        "size":[0.35,0.08,0.08],
        "bulletType":{
          "type":0,
          "sharp":false,
          "sharpFactor":1,
          "multipliers":[2.5,3,1.5,1]
        }
      },
      {
        "type":"Mirror",
        "mode": 0,
        "offsetRotation":150,
        "offset":{
          "x":0,
          "y":0
        },
        "reloadMultiplier":1.5,
        "layer":1,
        "startDelay":0,
        "size":[0.35,0.08,0.08],
        "bulletType":{
          "type":0,
          "sharp":false,
          "sharpFactor":1,
          "multipliers":[0.5,3,0.5,1,1,1,1,2.5]
        }
      },
      {
        "preset": ["AutoTurret"]
      }
    ],
    "extradata":{
      "stopFollow":0
    },
    "parent": ["Triangle"]
  },
  "Booster":{
    "data":[
      {
        "type":"Gun",
        "offsetRotation":0,
        "offset":{
          "x":0,
          "y":0
        },
        "reloadMultiplier":1.5,
        "layer":1,
        "startDelay":0,
        "size":[0.35,0.08,0.08],
        "bulletType":{
          "type":0,
          "sharp":false,
          "sharpFactor":1,
          "multipliers":[2.5,3,1.5,1]
        }
      },
      {
        "type":"Mirror",
        "mode": 0,
        "offsetRotation":150,
        "offset":{
          "x":0,
          "y":0
        },
        "reloadMultiplier":1.5,
        "layer":1,
        "startDelay":0,
        "size":[0.35,0.08,0.08],
        "bulletType":{
          "type":0,
          "sharp":false,
          "sharpFactor":1,
          "multipliers":[0.5,3,0.5,1,1,1,1,2.5]
        }
      },
      {
        "type":"Mirror",
        "mode": 0,
        "offsetRotation":160,
        "offset":{
          "x":0.05,
          "y":0
        },
        "reloadMultiplier":1.5,
        "layer":1,
        "startDelay":2,
        "size":[0.35,0.08,0.08],
        "bulletType":{
          "type":0,
          "sharp":false,
          "sharpFactor":1,
          "multipliers":[0.5,3,0.5,1,1,1,1,2.5]
        }
      }
    ],
    "extradata":{
      "stopFollow":0
    },
    "parent": ["Triangle"]
  },
  "Rockettest":{
    "data":[
      {
        "type":"Gun",
        "offsetRotation":0,
        "offset":{
          "x":0,
          "y":0
        },
        "reloadMultiplier":1.5,
        "layer":1,
        "startDelay":0,
        "size":[0.35,0.08,0.08],
        "bulletType":{
          "type":0,
          "sharp":false,
          "sharpFactor":1,
          "multipliers":[2.5,3,1.5,1]
        }
      },
      {
        "type":"Mirror",
        "mode": 0,
        "offsetRotation":140,
        "offset":{
          "x":0,
          "y":0
        },
        "reloadMultiplier":1.5,
        "layer":1,
        "startDelay":0,
        "size":[0.35,0.08,0.08],
        "bulletType":{
          "type":0,
          "sharp":false,
          "sharpFactor":1,
          "multipliers":[0.5,3,0.5,1,1,1,1,2.5]
        }
      },
      {
        "type":"Mirror",
        "mode": 0,
        "offsetRotation":155,
        "offset":{
          "x":0.05,
          "y":0
        },
        "reloadMultiplier":1.5,
        "layer":2,
        "startDelay":22,
        "size":[0.35,0.08,0.08],
        "bulletType":{
          "type":0,
          "sharp":false,
          "sharpFactor":1,
          "multipliers":[0.5,3,0.5,1,1,1,1,2.5]
        }
      },
      {
        "type":"Mirror",
        "mode": 0,
        "offsetRotation":170,
        "offset":{
          "x":0.1,
          "y":0
        },
        "reloadMultiplier":1.5,
        "layer":3,
        "startDelay":43,
        "size":[0.35,0.08,0.08],
        "bulletType":{
          "type":0,
          "sharp":false,
          "sharpFactor":1,
          "multipliers":[0.5,3,0.5,1,1,1,1,2.5]
        }
      },
      {
        "type":"Mirror",
        "mode": 0,
        "offsetRotation":180,
        "offset":{
          "x":0.15,
          "y":0
        },
        "reloadMultiplier":1.5,
        "layer":4,
        "startDelay":91,
        "size":[0.35,0.08,0.08],
        "bulletType":{
          "type":0,
          "sharp":false,
          "sharpFactor":1,
          "multipliers":[0.5,3,0.5,1,1,1,1,5]
        }
      }
    ],
    "extradata":{
      "stopFollow":0
    },
    "parent": ["Triangle"]
  }
}