{
  "BigTrapBehind":{
    "data":[
      {
        "type":"Gun",
        "mode": 0,
        "offsetRotation":180,
        "offset":{
          "x":0,
          "y":0
        },
        "reloadMultiplier":0.5,
        "layer":2,
        "startDelay":0,
        "size":[0.25,0.1,0.1,0.1,0.1,0.2],
        "bulletType":{
          "type":3,
          "renderType": 1,
          "sharp":true,
          "sharpFactor":0.3,
          "multipliers":[2,2,4,1.5]
        }
      }
    ]
  }
}