{
    "Trapper":{
        "data":[
            {
                "type":"Gun",
                "offsetRotation":0,
                "offset":{
                    "x":0,
                    "y":0
                },
                "reloadMultiplier":1,
                "layer":1,
                "startDelay":0,
                "size":[0.35,0.08,0.08,0.1,0.08,0.15],
                "bulletType":{
                    "type":3,
                    "sharp":false,
                    "sharpFactor":0.6,
                    "multipliers":[2.5,4,3,1]
                }
            }
        ]
    },
    "Tri-Trapper":{
        "data":[
            {
                "type":"GunArray",
                "count": 3,
                "offsetRotation":0,
                "offset":{
                    "x":0,
                    "y":0
                },
                "reloadMultiplier":1,
                "layer":1,
                "startDelay":0,
                "size":[0.35,0.08,0.08,0.1,0.08,0.15],
                "bulletType":{
                    "type":3,
                    "sharp":false,
                    "sharpFactor":0.6,
                    "multipliers":[2.5,4,3,1]
                }
            }
        ],
        "parent": ["Trapper","FlankGuard"]
    },
    "Hexa-Trapper":{
        "data":[
            {
                "type":"GunArray",
                "count": 6,
                "startDelays": [0,3,6],
                "offsetRotation":0,
                "offset":{
                    "x":0,
                    "y":0
                },
                "reloadMultiplier":0.8,
                "layer":1,
                "startDelay":0,
                "size":[0.35,0.08,0.08,0.1,0.08,0.15],
                "bulletType":{
                    "type":3,
                    "sharp":false,
                    "sharpFactor":0.6,
                    "multipliers":[2.5,4,3,1]
                }
            },
            {
                "preset": ["AutoTurret"]
            }
        ],
        "parent": ["Tri-Trapper"],
        "extradata":{
            "stopFollow":1.5
        }
    },
    "Septa-Trapper":{
        "data":[
            {
                "type":"GunArray",
                "count": 7,
                "startDelays": [0,2,5,7],
                "offsetRotation":0,
                "offset":{
                    "x":0,
                    "y":0
                },
                "reloadMultiplier":0.9,
                "layer":1,
                "startDelay":0,
                "size":[0.35,0.08,0.08,0.1,0.08,0.15],
                "bulletType":{
                    "type":3,
                    "sharp":false,
                    "sharpFactor":0.6,
                    "multipliers":[2.5,4,3,1]
                }
            }
        ],
        "parent": ["Tri-Trapper"],
        "extradata":{
            "stopFollow":1
        }
    },
    "Pen":{
        "data":[
            {
                "type":"Gun",
                "offsetRotation":0,
                "offset":{
                    "x":0,
                    "y":0
                },
                "reloadMultiplier":1,
                "layer":1,
                "startDelay":0,
                "size":[0.35,0.08,0.08],
                "bulletType":{
                    "type":0,
                    "sharp":false,
                    "sharpFactor":1,
                    "multipliers":[2,3,3,1]
                }
            },
            {
                "type":"Gun",
                "offsetRotation":0,
                "offset":{
                    "x":0,
                    "y":0
                },
                "reloadMultiplier":0.7,
                "layer":2,
                "startDelay":0,
                "size":[0.25,0.08,0.12],
                "bulletType":{
                    "type":3,
                    "sharp":false,
                    "sharpFactor":0.6,
                    "multipliers":[2,5,2,1]
                }
            }
        ],
        "parent": ["Trapper","Single"],
        "extradata":{
            "stopFollow":3
        }
    },
    "Builder":{
        "data":[
            {
                "type":"Gun",
                "offsetRotation":0,
                "offset":{
                    "x":0.05,
                    "y":0
                },
                "reloadMultiplier":0.8,
                "layer":1,
                "startDelay":0,
                "size":[0.3,0.14,0.14,0.1,0.14,0.25],
                "bulletType":{
                    "type":2,
                    "sharp":true,
                    "sharpFactor":0.6,
                    "multipliers":[3,3,5,1.6,4,4]
                }
            }
        ],
        "parent": ["Trapper"],
        "extradata":{
            "stopFollow":3,
            "addVelocity":false
        }
    },
    "Duilder":{
        "data":[
            {
                "type":"Gun",
                "offsetRotation":180,
                "offset":{
                    "x":0,
                    "y":0
                },
                "reloadMultiplier":0.65,
                "layer":1,
                "startDelay":0,
                "size":[0.4,0.12,0.23],
                "bulletType":{
                    "type":2,
                    "sharp":true,
                    "sharpFactor":0.6,
                    "multipliers":[3,3,5,1.6,4,5]
                }
            },
            {
                "type":"Gun",
                "offsetRotation":0,
                "offset":{
                    "x":0,
                    "y":0
                },
                "reloadMultiplier":1,
                "layer":1,
                "startDelay":0,
                "size":[0.4,0.07,0.1],
                "bulletType":{
                    "type":1,
                    "sharp":true,
                    "sharpFactor":0.6,
                    "multipliers":[2,2,2,1,100000000]
                },
                "extraData":{
                    "maxCount":3
                }
            }
        ],
        "parent": ["Builder"],
        "extradata":{
            "stopFollow":3,
            "addVelocity":false
        }
    },
    "Barricade":{
        "data":[
            {
                "type":"GunLine",
                "oOffset": {
                    "x":0.1,
                    "y":0
                },
                "startDelays":[0,2,4,6],
                "count": 3,
                "offsetRotation":0,
                "offset":{
                    "x":0,
                    "y":0
                },
                "reloadMultiplier":1.5,
                "layer":1,
                "startDelay":0,
                "size":[0.3,0.08,0.08,0.1,0.08,0.15],
                "bulletType":{
                    "type":3,
                    "sharp":true,
                    "sharpFactor":0.6,
                    "multipliers":[1,4.5,1.5,1,2]
                }
            }
        ],
        "parent": ["Trapper","StreamLiner"],
        "extradata":{
            "stopFollow":2
        }
    }
}